age,gender,polyuria,polydipsia,sudden_weight_loss,weakness,polyphagia,genital_thrush,visual_blurring,itching,irritability,delayed_healing,partial_paresis,muscle_stiffness,alopecia,obesity,diabetes_status
40,Male,No,Yes,No,Yes,No,No,No,Yes,No,Yes,No,Yes,Yes,Yes,positive
58,Male,No,No,No,Yes,No,No,Yes,No,No,No,Yes,No,Yes,No,positive
41,Male,Yes,No,No,Yes,Yes,No,No,Yes,No,Yes,No,Yes,Yes,No,positive
45,Male,No,No,Yes,Yes,Yes,Yes,No,Yes,No,Yes,No,No,No,No,positive
60,Male,Yes,Yes,Yes,Yes,Yes,No,Yes,Yes,Yes,Yes,Yes,Yes,Yes,Yes,positive
55,Male,Yes,Yes,No,Yes,Yes,No,Yes,Yes,No,Yes,No,Yes,Yes,Yes,positive
57,Male,Yes,Yes,No,Yes,Yes,Yes,No,No,No,Yes,Yes,No,No,No,positive
66,Male,Yes,Yes,Yes,Yes,No,No,Yes,Yes,Yes,No,Yes,Yes,No,No,positive
67,Male,Yes,Yes,No,Yes,Yes,Yes,No,Yes,Yes,No,Yes,Yes,No,Yes,positive
70,Male,No,Yes,Yes,Yes,Yes,No,Yes,Yes,Yes,No,No,No,Yes,No,positive
44,Male,Yes,Yes,No,Yes,No,Yes,No,No,Yes,Yes,No,Yes,Yes,No,positive
38,Male,Yes,Yes,No,No,Yes,Yes,No,Yes,No,Yes,No,Yes,No,No,positive
35,Male,Yes,No,No,No,Yes,Yes,No,No,Yes,Yes,No,No,Yes,No,positive
61,Male,Yes,Yes,Yes,Yes,Yes,Yes,Yes,Yes,No,No,No,No,Yes,Yes,positive
60,Male,Yes,Yes,No,Yes,Yes,No,Yes,Yes,No,Yes,Yes,No,No,No,positive
58,Male,Yes,Yes,No,Yes,Yes,No,No,No,No,Yes,Yes,Yes,No,No,positive
54,Male,Yes,Yes,Yes,Yes,No,Yes,No,No,No,Yes,No,Yes,No,No,positive
67,Male,No,Yes,No,Yes,Yes,No,Yes,No,Yes,Yes,Yes,Yes,Yes,Yes,positive
66,Male,Yes,Yes,No,Yes,Yes,No,Yes,No,No,No,Yes,Yes,No,No,positive
43,Male,Yes,Yes,Yes,Yes,No,Yes,No,No,No,No,No,No,No,No,positive
62,Male,Yes,Yes,No,Yes,Yes,No,Yes,No,Yes,No,Yes,Yes,No,No,positive
54,Male,Yes,Yes,Yes,Yes,Yes,Yes,Yes,Yes,No,Yes,No,Yes,Yes,No,positive
39,Male,Yes,No,Yes,No,No,Yes,No,Yes,Yes,No,No,No,Yes,No,positive
48,Male,No,Yes,Yes,Yes,No,No,Yes,Yes,Yes,Yes,No,No,No,No,positive
58,Male,Yes,Yes,Yes,Yes,Yes,No,Yes,No,No,Yes,Yes,Yes,No,Yes,positive
32,Male,No,No,No,No,No,Yes,No,No,Yes,Yes,No,No,No,Yes,positive
42,Male,No,No,No,Yes,Yes,No,No,No,Yes,No,No,Yes,No,No,positive
52,Male,Yes,Yes,Yes,Yes,Yes,No,Yes,Yes,No,Yes,Yes,Yes,No,No,positive
38,Male,No,Yes,No,No,No,Yes,No,No,No,No,No,No,Yes,No,positive
53,Male,Yes,Yes,Yes,Yes,Yes,No,Yes,No,Yes,No,Yes,No,Yes,No,positive
57,Male,Yes,Yes,Yes,Yes,Yes,No,Yes,No,No,No,Yes,No,No,No,positive
41,Male,Yes,Yes,Yes,Yes,Yes,Yes,Yes,Yes,Yes,No,No,No,No,Yes,positive
37,Male,No,No,No,Yes,No,No,No,No,No,Yes,No,No,Yes,No,positive
54,Male,Yes,Yes,Yes,Yes,No,No,Yes,Yes,Yes,Yes,Yes,Yes,No,No,positive
49,Male,Yes,Yes,No,Yes,No,No,Yes,Yes,No,No,No,No,No,No,positive
48,Male,Yes,Yes,No,Yes,No,Yes,Yes,Yes,No,No,No,No,No,No,positive
60,Male,Yes,No,No,No,No,No,Yes,No,No,No,Yes,No,Yes,No,positive
63,Male,Yes,Yes,Yes,Yes,Yes,No,Yes,No,No,No,No,Yes,Yes,Yes,positive
35,Male,Yes,No,Yes,No,No,No,No,No,No,No,Yes,No,Yes,No,positive
30,Female,Yes,No,Yes,Yes,Yes,No,No,No,No,Yes,No,No,No,No,positive
53,Female,No,Yes,Yes,No,Yes,Yes,Yes,Yes,Yes,Yes,No,Yes,No,No,positive
50,Female,Yes,Yes,Yes,No,Yes,No,No,No,No,Yes,Yes,No,No,No,positive
50,Female,No,Yes,No,Yes,Yes,No,Yes,Yes,Yes,Yes,Yes,Yes,No,No,positive
35,Female,Yes,Yes,Yes,Yes,Yes,No,No,Yes,No,Yes,Yes,Yes,No,No,positive
40,Female,Yes,Yes,Yes,Yes,No,No,Yes,Yes,No,No,Yes,Yes,No,No,positive
48,Female,No,No,Yes,Yes,No,No,Yes,Yes,No,Yes,Yes,No,No,No,positive
60,Female,Yes,Yes,Yes,Yes,Yes,No,Yes,Yes,No,Yes,Yes,Yes,No,Yes,positive
60,Female,Yes,Yes,Yes,Yes,Yes,No,Yes,Yes,No,No,Yes,Yes,No,No,positive
35,Female,Yes,Yes,Yes,Yes,Yes,No,Yes,Yes,No,Yes,No,Yes,No,Yes,positive
46,Female,Yes,No,Yes,Yes,No,No,Yes,No,No,Yes,Yes,Yes,No,No,positive
36,Female,Yes,Yes,Yes,No,Yes,No,Yes,No,Yes,Yes,Yes,Yes,No,No,positive
50,Female,Yes,Yes,Yes,Yes,Yes,No,Yes,No,No,No,Yes,No,No,No,positive
60,Female,No,Yes,Yes,Yes,Yes,Yes,Yes,No,Yes,Yes,Yes,Yes,No,No,positive
50,Female,No,Yes,Yes,Yes,No,No,Yes,No,No,Yes,No,No,No,No,positive
51,Female,No,No,No,No,No,No,Yes,No,No,No,Yes,Yes,No,No,positive
38,Female,No,No,No,No,No,No,No,No,No,No,No,No,No,Yes,positive
66,Female,Yes,Yes,Yes,Yes,Yes,Yes,Yes,Yes,No,Yes,Yes,Yes,No,No,positive
53,Female,No,No,No,No,Yes,No,Yes,No,No,No,Yes,No,No,No,positive
59,Female,No,No,No,No,No,No,No,No,No,No,No,No,No,No,positive
39,Female,Yes,Yes,No,Yes,Yes,No,Yes,No,Yes,Yes,Yes,Yes,No,Yes,positive
65,Female,Yes,Yes,No,Yes,Yes,No,No,Yes,No,No,Yes,Yes,No,No,positive
35,Female,Yes,Yes,Yes,Yes,Yes,No,Yes,Yes,No,Yes,Yes,Yes,No,No,positive
55,Female,Yes,Yes,No,Yes,Yes,No,Yes,Yes,No,Yes,Yes,Yes,No,No,positive
60,Female,Yes,No,Yes,Yes,No,Yes,Yes,Yes,No,Yes,Yes,Yes,No,Yes,positive
45,Female,No,No,No,No,No,No,Yes,Yes,No,No,Yes,No,No,No,positive
40,Female,Yes,No,Yes,No,Yes,No,No,No,No,No,No,No,No,No,positive
30,Female,Yes,Yes,No,No,No,No,No,Yes,No,Yes,Yes,No,No,No,positive
35,Female,No,Yes,Yes,Yes,Yes,No,No,Yes,No,No,Yes,No,No,No,positive
25,Female,No,No,No,Yes,Yes,No,Yes,No,No,No,No,No,Yes,No,positive
50,Female,Yes,Yes,Yes,Yes,Yes,No,Yes,No,No,No,Yes,No,No,Yes,positive
40,Female,No,No,Yes,Yes,No,No,No,No,No,No,No,No,No,No,positive
35,Female,No,Yes,Yes,Yes,No,No,No,Yes,No,Yes,Yes,Yes,No,No,positive
65,Female,No,No,No,No,No,Yes,No,No,No,No,No,No,No,No,positive
38,Female,Yes,Yes,Yes,Yes,Yes,No,No,No,No,No,Yes,No,No,No,positive
50,Female,Yes,Yes,Yes,Yes,Yes,No,No,Yes,No,Yes,Yes,Yes,No,No,positive
55,Female,Yes,Yes,Yes,Yes,No,No,Yes,No,No,No,Yes,No,No,Yes,positive
48,Female,Yes,Yes,Yes,Yes,Yes,No,No,No,No,No,Yes,No,No,No,positive
55,Female,Yes,Yes,Yes,No,Yes,No,No,Yes,No,Yes,Yes,No,No,No,positive
39,Female,Yes,Yes,Yes,Yes,Yes,No,No,Yes,Yes,Yes,Yes,No,No,No,positive
43,Female,Yes,Yes,Yes,Yes,Yes,No,Yes,No,No,No,Yes,Yes,No,Yes,positive
35,Female,Yes,Yes,No,Yes,No,No,Yes,No,No,No,No,No,No,No,positive
47,Female,No,No,Yes,Yes,Yes,No,No,No,No,No,No,Yes,No,No,positive
50,Female,Yes,Yes,No,Yes,Yes,No,No,No,No,Yes,Yes,No,No,No,positive
48,Female,Yes,Yes,No,Yes,No,No,Yes,Yes,No,Yes,Yes,No,No,No,positive
35,Female,Yes,Yes,Yes,Yes,Yes,No,Yes,Yes,No,Yes,Yes,Yes,No,No,positive
49,Female,No,No,Yes,Yes,No,No,No,No,No,No,No,No,No,Yes,positive
38,Female,Yes,Yes,Yes,Yes,Yes,No,Yes,Yes,Yes,Yes,Yes,Yes,No,No,positive
28,Female,No,No,No,No,No,No,Yes,No,No,No,Yes,Yes,No,No,positive
68,Female,Yes,Yes,No,Yes,Yes,No,Yes,Yes,No,Yes,Yes,No,No,No,positive
35,Female,No,No,No,No,No,No,No,No,No,No,No,No,No,No,positive
45,Female,No,No,No,No,Yes,No,Yes,Yes,No,No,Yes,No,No,No,positive
48,Female,Yes,Yes,Yes,Yes,Yes,No,Yes,Yes,Yes,Yes,Yes,Yes,No,No,positive
40,Female,Yes,Yes,Yes,Yes,No,No,Yes,No,No,Yes,Yes,Yes,No,No,positive
40,Female,Yes,Yes,No,Yes,Yes,No,No,Yes,No,No,Yes,No,No,No,positive
36,Female,Yes,Yes,No,Yes,Yes,No,Yes,Yes,No,Yes,Yes,No,No,No,positive
56,Female,Yes,Yes,No,Yes,No,No,Yes,Yes,No,No,Yes,No,No,No,positive
30,Female,Yes,Yes,Yes,Yes,No,No,No,Yes,No,Yes,Yes,Yes,No,No,positive
31,Female,Yes,Yes,Yes,Yes,Yes,No,No,Yes,Yes,No,Yes,Yes,No,No,positive
35,Female,Yes,Yes,No,No,No,No,Yes,No,No,No,No,No,Yes,No,positive
39,Female,Yes,Yes,No,No,Yes,Yes,Yes,Yes,No,Yes,Yes,No,No,No,positive
48,Female,Yes,Yes,Yes,No,Yes,Yes,No,No,Yes,Yes,No,Yes,Yes,Yes,positive
85,Male,Yes,Yes,Yes,Yes,Yes,Yes,Yes,Yes,No,Yes,Yes,Yes,No,No,positive
90,Female,No,Yes,Yes,No,No,Yes,Yes,Yes,No,No,No,Yes,Yes,No,positive
72,Male,Yes,No,Yes,Yes,Yes,No,No,No,Yes,Yes,Yes,Yes,Yes,No,positive
70,Male,Yes,No,Yes,Yes,Yes,Yes,No,No,Yes,Yes,Yes,Yes,Yes,No,positive
69,Female,Yes,No,Yes,Yes,Yes,Yes,Yes,Yes,No,Yes,No,No,Yes,No,positive
58,Male,No,Yes,Yes,Yes,Yes,No,Yes,Yes,No,No,Yes,No,Yes,Yes,positive
47,Male,Yes,No,Yes,Yes,Yes,No,No,No,No,Yes,Yes,Yes,No,No,positive
25,Male,Yes,Yes,No,No,Yes,Yes,Yes,Yes,No,Yes,No,No,Yes,No,positive
39,Female,Yes,Yes,No,No,Yes,No,Yes,No,Yes,Yes,Yes,Yes,No,No,positive
53,Female,No,No,Yes,Yes,No,No,Yes,Yes,No,Yes,No,No,No,No,positive
52,Male,Yes,Yes,Yes,No,Yes,Yes,Yes,No,Yes,No,Yes,No,Yes,Yes,positive
68,Female,Yes,Yes,Yes,No,Yes,Yes,Yes,No,Yes,Yes,No,Yes,Yes,No,positive
79,Male,No,Yes,Yes,Yes,Yes,Yes,No,Yes,Yes,No,Yes,No,No,No,positive
55,Female,Yes,No,Yes,No,No,Yes,Yes,Yes,No,Yes,Yes,No,No,No,positive
45,Female,Yes,Yes,Yes,Yes,Yes,No,Yes,Yes,Yes,Yes,Yes,No,No,No,positive
30,Female,Yes,Yes,Yes,No,Yes,No,No,No,Yes,No,Yes,Yes,No,No,positive
45,Female,Yes,Yes,No,Yes,Yes,No,Yes,Yes,Yes,Yes,Yes,Yes,No,No,positive
65,Female,Yes,Yes,No,Yes,No,No,Yes,Yes,Yes,Yes,Yes,No,No,No,positive
34,Female,Yes,Yes,No,Yes,No,No,No,No,Yes,No,No,Yes,No,No,positive
48,Male,Yes,Yes,No,Yes,Yes,No,No,No,No,Yes,No,Yes,Yes,No,positive
35,Male,Yes,Yes,No,Yes,Yes,Yes,No,Yes,No,Yes,Yes,Yes,No,No,positive
40,Male,No,Yes,No,Yes,Yes,No,No,Yes,Yes,Yes,Yes,Yes,No,Yes,positive
47,Male,No,Yes,No,No,No,No,Yes,Yes,No,No,No,No,Yes,Yes,positive
38,Male,Yes,No,Yes,Yes,No,No,No,No,No,No,No,No,No,No,positive
55,Male,Yes,Yes,Yes,Yes,Yes,No,Yes,No,No,Yes,Yes,No,No,No,positive
66,Male,Yes,Yes,No,Yes,No,Yes,No,Yes,Yes,Yes,Yes,No,No,No,positive
57,Male,Yes,No,No,Yes,Yes,No,No,Yes,Yes,No,No,Yes,Yes,No,positive
32,Male,No,Yes,No,Yes,Yes,Yes,No,Yes,Yes,No,No,No,Yes,No,positive
48,Male,Yes,Yes,Yes,Yes,No,No,No,Yes,No,No,Yes,No,Yes,No,positive
47,Male,Yes,Yes,Yes,Yes,Yes,Yes,Yes,Yes,Yes,No,No,Yes,No,No,positive
43,Male,Yes,No,No,No,Yes,No,No,No,Yes,No,No,Yes,No,No,positive
30,Male,Yes,Yes,Yes,Yes,No,Yes,No,No,No,Yes,No,No,No,No,positive
16,Male,Yes,No,Yes,No,Yes,No,No,No,No,No,No,No,No,No,positive
35,Male,Yes,Yes,Yes,Yes,No,No,No,No,No,No,No,No,No,No,positive
66,Male,No,No,No,Yes,No,Yes,Yes,No,Yes,Yes,Yes,Yes,Yes,No,positive
54,Male,No,No,No,No,No,Yes,No,Yes,Yes,No,No,Yes,Yes,Yes,positive
58,Male,Yes,Yes,Yes,Yes,Yes,Yes,No,Yes,Yes,Yes,Yes,Yes,Yes,Yes,positive
51,Male,Yes,Yes,Yes,Yes,No,Yes,No,No,Yes,Yes,Yes,No,Yes,No,positive
40,Male,Yes,No,No,No,No,Yes,No,Yes,No,Yes,No,No,Yes,No,positive
47,Male,Yes,Yes,No,No,No,No,No,No,No,No,No,Yes,No,No,positive
62,Male,Yes,Yes,No,No,Yes,No,Yes,No,Yes,Yes,Yes,No,Yes,No,positive
49,Male,Yes,Yes,Yes,No,No,No,No,Yes,No,No,No,No,No,No,positive
53,Male,Yes,No,Yes,No,No,No,No,No,No,Yes,Yes,No,No,No,positive
68,Male,Yes,Yes,No,No,Yes,No,Yes,Yes,Yes,No,Yes,No,No,No,positive
61,Male,Yes,No,No,Yes,Yes,Yes,Yes,Yes,Yes,Yes,Yes,No,No,No,positive
39,Male,Yes,Yes,No,No,No,Yes,No,Yes,No,No,No,Yes,No,Yes,positive
38,Male,Yes,No,No,No,No,Yes,No,Yes,No,No,No,Yes,No,Yes,positive
44,Male,No,Yes,No,No,No,Yes,No,No,No,Yes,No,No,No,Yes,positive
45,Male,Yes,Yes,No,Yes,No,Yes,No,No,No,Yes,No,No,Yes,No,positive
50,Male,Yes,Yes,Yes,Yes,Yes,No,No,Yes,Yes,Yes,No,No,Yes,No,positive
42,Male,Yes,Yes,No,Yes,No,Yes,No,No,Yes,No,Yes,No,Yes,No,positive
55,Male,No,Yes,No,Yes,No,Yes,No,No,Yes,Yes,No,No,Yes,No,positive
57,Male,No,Yes,No,Yes,No,Yes,Yes,No,Yes,Yes,Yes,Yes,Yes,No,positive
62,Male,Yes,No,No,Yes,No,Yes,Yes,Yes,Yes,No,Yes,Yes,Yes,Yes,positive
33,Male,No,Yes,No,No,No,No,No,No,No,No,No,No,No,No,positive
55,Male,Yes,Yes,Yes,Yes,No,Yes,No,No,Yes,No,Yes,No,No,No,positive
48,Male,Yes,Yes,Yes,No,Yes,Yes,No,No,No,Yes,No,No,No,No,positive
56,Male,Yes,No,Yes,Yes,No,Yes,No,Yes,Yes,No,No,No,Yes,No,positive
38,Female,Yes,Yes,Yes,Yes,Yes,No,Yes,Yes,Yes,Yes,Yes,Yes,No,No,positive
28,Female,No,No,No,No,No,No,Yes,No,No,No,Yes,Yes,No,No,positive
68,Female,Yes,Yes,No,Yes,Yes,No,Yes,Yes,No,Yes,Yes,No,No,No,positive
35,Female,No,No,No,No,No,No,No,No,No,No,No,No,No,No,positive
45,Female,No,No,No,No,Yes,No,Yes,Yes,No,No,Yes,No,No,No,positive
48,Female,Yes,Yes,Yes,Yes,Yes,No,Yes,Yes,Yes,Yes,Yes,Yes,No,No,positive
40,Female,Yes,Yes,Yes,Yes,No,No,Yes,No,No,Yes,Yes,Yes,No,No,positive
57,Male,Yes,Yes,Yes,Yes,Yes,No,Yes,No,No,No,Yes,No,No,No,positive
41,Male,Yes,Yes,Yes,Yes,Yes,Yes,Yes,Yes,Yes,No,No,No,No,Yes,positive
37,Male,No,No,No,Yes,No,No,No,No,No,Yes,No,No,Yes,No,positive
54,Male,Yes,Yes,Yes,Yes,No,No,Yes,Yes,Yes,Yes,Yes,Yes,No,No,positive
49,Male,Yes,Yes,No,Yes,No,No,Yes,Yes,No,No,No,No,No,No,positive
48,Male,Yes,Yes,No,Yes,No,Yes,Yes,Yes,No,No,No,No,No,No,positive
60,Male,Yes,No,No,No,No,No,Yes,No,No,No,Yes,No,Yes,No,positive
63,Male,Yes,Yes,Yes,Yes,Yes,No,Yes,No,No,No,No,Yes,Yes,Yes,positive
35,Male,Yes,No,Yes,No,No,No,No,No,No,No,Yes,No,Yes,No,positive
30,Female,Yes,No,Yes,Yes,Yes,No,No,No,No,Yes,No,No,No,No,positive
53,Female,No,Yes,Yes,No,Yes,Yes,Yes,Yes,Yes,Yes,No,Yes,No,No,positive
50,Female,Yes,Yes,Yes,No,Yes,No,No,No,No,Yes,Yes,No,No,No,positive
50,Female,No,Yes,No,Yes,Yes,No,Yes,Yes,Yes,Yes,Yes,Yes,No,No,positive
35,Female,Yes,Yes,Yes,Yes,Yes,No,No,Yes,No,Yes,Yes,Yes,No,No,positive
40,Female,Yes,Yes,Yes,Yes,No,No,Yes,Yes,No,No,Yes,Yes,No,No,positive
31,Female,Yes,Yes,Yes,Yes,Yes,No,No,Yes,Yes,No,Yes,Yes,No,No,positive
35,Female,Yes,Yes,No,No,No,No,Yes,No,No,No,No,No,Yes,No,positive
39,Female,Yes,Yes,No,No,Yes,Yes,Yes,Yes,No,Yes,Yes,No,No,No,positive
48,Female,Yes,Yes,Yes,No,Yes,Yes,No,No,Yes,Yes,No,Yes,Yes,Yes,positive
85,Male,Yes,Yes,Yes,Yes,Yes,Yes,Yes,Yes,No,Yes,Yes,Yes,No,No,positive
90,Female,No,Yes,Yes,No,No,Yes,Yes,Yes,No,No,No,Yes,Yes,No,positive
72,Male,Yes,No,Yes,Yes,Yes,No,No,No,Yes,Yes,Yes,Yes,Yes,No,positive
70,Male,Yes,No,Yes,Yes,Yes,Yes,No,No,Yes,Yes,Yes,Yes,Yes,No,positive
69,Female,Yes,No,Yes,Yes,Yes,Yes,Yes,Yes,No,Yes,No,No,Yes,No,positive
58,Male,No,Yes,Yes,Yes,Yes,No,Yes,Yes,No,No,Yes,No,Yes,Yes,positive
54,Male,Yes,Yes,No,No,No,No,Yes,No,No,No,No,No,No,No,positive
64,Male,No,Yes,No,No,No,No,No,No,Yes,Yes,No,No,No,No,positive
36,Male,Yes,No,No,Yes,No,Yes,Yes,Yes,No,Yes,No,No,No,No,positive
43,Male,No,No,Yes,Yes,Yes,Yes,Yes,Yes,Yes,Yes,No,No,No,No,positive
31,Male,Yes,No,No,No,Yes,No,Yes,No,No,No,Yes,No,Yes,No,positive
66,Male,No,No,No,No,Yes,No,Yes,No,No,No,Yes,No,Yes,No,positive
61,Female,Yes,No,No,No,Yes,No,No,No,Yes,No,No,No,Yes,No,positive
58,Female,Yes,No,Yes,No,Yes,No,No,No,Yes,No,No,Yes,No,Yes,positive
69,Female,Yes,Yes,Yes,Yes,No,No,Yes,Yes,Yes,No,No,Yes,No,Yes,positive
40,Male,No,Yes,Yes,Yes,No,No,Yes,Yes,No,No,Yes,Yes,No,No,negative
28,Male,No,No,Yes,No,No,No,No,No,No,No,No,No,No,No,negative
37,Male,No,No,No,No,No,No,No,No,No,No,No,No,No,No,negative
34,Male,No,No,No,No,No,No,No,No,No,No,No,No,No,No,negative
30,Male,No,No,No,No,No,No,No,No,No,No,No,No,No,No,negative
67,Male,Yes,No,No,Yes,Yes,No,Yes,Yes,Yes,Yes,No,Yes,Yes,Yes,negative
60,Male,No,No,No,Yes,No,No,No,No,No,No,Yes,Yes,No,No,negative
58,Male,No,No,No,No,Yes,No,No,Yes,No,Yes,No,No,Yes,Yes,negative
54,Male,No,No,Yes,Yes,No,Yes,No,No,No,Yes,No,No,Yes,No,negative
43,Male,No,No,Yes,No,No,Yes,No,No,No,Yes,No,No,Yes,No,negative
39,Male,No,No,No,Yes,No,Yes,No,No,No,No,No,No,No,No,negative
40,Male,No,No,No,Yes,No,No,No,No,Yes,No,No,No,No,No,negative
43,Male,No,No,No,No,No,No,No,No,Yes,No,No,No,No,No,negative
49,Male,No,Yes,No,No,No,No,No,Yes,No,No,Yes,No,No,Yes,negative
47,Male,No,No,No,No,No,No,No,Yes,No,No,No,No,Yes,No,negative
45,Male,No,No,No,No,Yes,Yes,No,No,No,No,No,No,No,No,negative
57,Male,No,No,No,No,Yes,No,Yes,No,No,No,No,Yes,No,No,negative
72,Male,Yes,No,No,No,Yes,No,Yes,Yes,No,Yes,Yes,Yes,Yes,No,negative
30,Male,No,No,No,No,No,No,No,No,No,No,No,No,No,No,negative
27,Male,No,No,No,No,No,No,No,No,No,No,No,No,No,No,negative
38,Male,No,No,No,No,No,No,No,No,No,No,No,No,No,No,negative
43,Male,No,No,No,Yes,No,Yes,No,Yes,No,Yes,No,No,Yes,No,negative
40,Male,No,No,Yes,No,No,No,No,No,No,No,No,No,No,Yes,negative
55,Male,No,No,No,Yes,Yes,No,Yes,Yes,No,Yes,No,Yes,No,Yes,negative
68,Male,No,No,No,Yes,Yes,No,Yes,Yes,No,Yes,No,No,Yes,No,negative
29,Male,No,No,No,Yes,No,No,No,No,No,No,No,No,No,No,negative
37,Male,No,No,No,No,No,No,No,Yes,No,No,No,No,No,No,negative
30,Male,No,No,Yes,Yes,No,No,No,No,No,No,No,No,No,No,negative
45,Male,No,No,No,Yes,No,No,No,Yes,Yes,Yes,Yes,No,No,No,negative
47,Male,No,No,No,No,No,No,No,Yes,No,Yes,No,No,Yes,No,negative
35,Male,No,No,Yes,Yes,No,Yes,No,No,No,No,No,No,No,No,negative
32,Male,No,No,No,Yes,No,No,No,No,No,No,No,No,No,No,negative
56,Male,No,Yes,No,Yes,Yes,No,Yes,Yes,No,Yes,No,Yes,Yes,No,negative
50,Male,No,No,No,Yes,No,No,No,Yes,No,Yes,Yes,Yes,Yes,No,negative
52,Male,No,No,No,Yes,Yes,No,No,Yes,No,Yes,No,No,Yes,No,negative
26,Male,No,No,No,No,No,No,No,No,No,No,No,No,No,No,negative
60,Male,No,No,No,Yes,Yes,No,Yes,Yes,No,Yes,No,Yes,Yes,No,negative
65,Male,No,No,No,Yes,No,No,Yes,Yes,No,Yes,Yes,Yes,Yes,No,negative
72,Male,No,No,No,No,Yes,No,Yes,Yes,No,Yes,No,Yes,Yes,No,negative
30,Male,No,No,No,Yes,No,No,No,No,No,No,No,No,No,No,negative
45,Male,No,No,No,Yes,No,No,No,Yes,No,No,Yes,No,Yes,No,negative
65,Male,Yes,No,No,No,No,No,Yes,Yes,Yes,Yes,No,Yes,Yes,Yes,negative
70,Male,No,No,No,Yes,No,No,Yes,Yes,No,Yes,No,Yes,Yes,No,negative
35,Male,No,No,No,Yes,No,No,No,No,No,No,No,No,No,No,negative
54,Male,No,No,No,Yes,No,No,No,Yes,No,Yes,No,Yes,Yes,No,negative
30,Male,No,No,No,No,No,No,No,No,No,No,No,No,No,No,negative
46,Male,No,No,No,Yes,No,No,No,Yes,No,Yes,No,No,Yes,No,negative
53,Male,No,No,No,Yes,Yes,No,Yes,Yes,No,Yes,Yes,Yes,Yes,No,negative
42,Male,No,No,No,No,No,No,No,No,No,No,No,No,Yes,No,negative
55,Female,Yes,Yes,Yes,Yes,No,No,Yes,No,No,No,Yes,No,No,Yes,positive
48,Female,Yes,Yes,Yes,Yes,Yes,No,No,No,No,No,Yes,No,No,No,positive
55,Female,Yes,Yes,Yes,No,Yes,No,No,Yes,No,Yes,Yes,No,No,No,positive
39,Female,Yes,Yes,Yes,Yes,Yes,No,No,Yes,Yes,Yes,Yes,No,No,No,positive
43,Female,Yes,Yes,Yes,Yes,Yes,No,Yes,No,No,No,Yes,Yes,No,Yes,positive
35,Female,Yes,Yes,No,Yes,No,No,Yes,No,No,No,No,No,No,No,positive
47,Female,No,No,Yes,Yes,Yes,No,No,No,No,No,No,Yes,No,No,positive
50,Female,Yes,Yes,No,Yes,Yes,No,No,No,No,Yes,Yes,No,No,No,positive
48,Female,Yes,Yes,No,Yes,No,No,Yes,Yes,No,Yes,Yes,No,No,No,positive
35,Female,Yes,Yes,Yes,Yes,Yes,No,Yes,Yes,No,Yes,Yes,Yes,No,No,positive
62,Male,Yes,No,No,Yes,No,Yes,Yes,Yes,Yes,No,Yes,Yes,Yes,Yes,positive
33,Male,No,Yes,No,No,No,No,No,No,No,No,No,No,No,No,positive
55,Male,Yes,Yes,Yes,Yes,No,Yes,No,No,Yes,No,Yes,No,No,No,positive
48,Male,Yes,Yes,Yes,No,Yes,Yes,No,No,No,Yes,No,No,No,No,positive
56,Male,Yes,No,Yes,Yes,No,Yes,No,Yes,Yes,No,No,No,Yes,No,positive
38,Female,Yes,Yes,Yes,Yes,Yes,No,Yes,Yes,Yes,Yes,Yes,Yes,No,No,positive
28,Female,No,No,No,No,No,No,Yes,No,No,No,Yes,Yes,No,No,positive
68,Female,Yes,Yes,No,Yes,Yes,No,Yes,Yes,No,Yes,Yes,No,No,No,positive
35,Female,No,No,No,No,No,No,No,No,No,No,No,No,No,No,positive
45,Female,No,No,No,No,Yes,No,Yes,Yes,No,No,Yes,No,No,No,positive
48,Female,Yes,Yes,Yes,Yes,Yes,No,Yes,Yes,Yes,Yes,Yes,Yes,No,No,positive
40,Female,Yes,Yes,Yes,Yes,No,No,Yes,No,No,Yes,Yes,Yes,No,No,positive
57,Male,Yes,Yes,Yes,Yes,Yes,No,Yes,No,No,No,Yes,No,No,No,positive
47,Male,No,No,No,No,No,No,No,Yes,No,No,No,No,Yes,No,negative
45,Male,No,No,No,No,Yes,Yes,No,No,No,No,No,No,No,No,negative
57,Male,No,No,No,No,Yes,No,Yes,No,No,No,No,Yes,No,No,negative
72,Male,Yes,No,No,No,Yes,No,Yes,Yes,No,Yes,Yes,Yes,Yes,No,negative
30,Male,No,No,No,No,No,No,No,No,No,No,No,No,No,No,negative
27,Male,No,No,No,No,No,No,No,No,No,No,No,No,No,No,negative
38,Male,No,No,No,No,No,No,No,No,No,No,No,No,No,No,negative
43,Male,No,No,No,Yes,No,Yes,No,Yes,No,Yes,No,No,Yes,No,negative
40,Male,No,No,Yes,No,No,No,No,No,No,No,No,No,No,Yes,negative
47,Male,No,No,No,No,No,No,No,Yes,No,No,No,No,Yes,No,negative
45,Male,No,No,No,No,Yes,Yes,No,No,No,No,No,No,No,No,negative
57,Male,No,No,No,No,Yes,No,Yes,No,No,No,No,Yes,No,No,negative
72,Male,Yes,No,No,No,Yes,No,Yes,Yes,No,Yes,Yes,Yes,Yes,No,negative
30,Male,No,No,No,No,No,No,No,No,No,No,No,No,No,No,negative
27,Male,No,No,No,No,No,No,No,No,No,No,No,No,No,No,negative
38,Male,No,No,No,No,No,No,No,No,No,No,No,No,No,No,negative
43,Male,No,No,No,Yes,No,Yes,No,Yes,No,Yes,No,No,Yes,No,negative
40,Male,No,No,Yes,No,No,No,No,No,No,No,No,No,No,Yes,negative
54,Male,No,No,No,Yes,No,No,No,Yes,No,Yes,No,Yes,Yes,No,negative
30,Male,No,No,No,No,No,No,No,No,No,No,No,No,No,No,negative
46,Male,No,No,No,Yes,No,No,No,Yes,No,Yes,No,No,Yes,No,negative
53,Male,No,No,No,Yes,Yes,No,Yes,Yes,No,Yes,Yes,Yes,Yes,No,negative
42,Male,No,No,No,No,No,No,No,No,No,No,No,No,Yes,No,negative
55,Female,Yes,Yes,Yes,Yes,No,No,Yes,No,No,No,Yes,No,No,Yes,positive
48,Female,Yes,Yes,Yes,Yes,Yes,No,No,No,No,No,Yes,No,No,No,positive
55,Female,Yes,Yes,Yes,No,Yes,No,No,Yes,No,Yes,Yes,No,No,No,positive
39,Female,Yes,Yes,Yes,Yes,Yes,No,No,Yes,Yes,Yes,Yes,No,No,No,positive
43,Female,Yes,Yes,Yes,Yes,Yes,No,Yes,No,No,No,Yes,Yes,No,Yes,positive
35,Female,Yes,Yes,No,Yes,No,No,Yes,No,No,No,No,No,No,No,positive
47,Female,No,No,Yes,Yes,Yes,No,No,No,No,No,No,Yes,No,No,positive
61,Female,Yes,No,No,No,Yes,No,No,No,Yes,No,No,No,Yes,No,positive
58,Female,Yes,No,Yes,No,Yes,No,No,No,Yes,No,No,Yes,No,Yes,positive
69,Female,Yes,Yes,Yes,Yes,No,No,Yes,Yes,Yes,No,No,Yes,No,Yes,positive
40,Male,No,Yes,Yes,Yes,No,No,Yes,Yes,No,No,Yes,Yes,No,No,negative
28,Male,No,No,Yes,No,No,No,No,No,No,No,No,No,No,No,negative
37,Male,No,No,No,No,No,No,No,No,No,No,No,No,No,No,negative
34,Male,No,No,No,No,No,No,No,No,No,No,No,No,No,No,negative
30,Male,No,No,No,No,No,No,No,No,No,No,No,No,No,No,negative
67,Male,Yes,No,No,Yes,Yes,No,Yes,Yes,Yes,Yes,No,Yes,Yes,Yes,negative
60,Male,No,No,No,Yes,No,No,No,No,No,No,Yes,Yes,No,No,negative
58,Male,No,No,No,No,Yes,No,No,Yes,No,Yes,No,No,Yes,Yes,negative
54,Male,No,No,Yes,Yes,No,Yes,No,No,No,Yes,No,No,Yes,No,negative
43,Male,No,No,Yes,No,No,Yes,No,No,No,Yes,No,No,Yes,No,negative
33,Female,No,No,No,No,No,No,No,No,No,No,No,No,No,No,negative
55,Female,No,No,No,Yes,No,Yes,No,Yes,No,Yes,Yes,No,Yes,No,negative
36,Female,No,No,No,Yes,No,No,No,No,Yes,No,No,No,No,No,negative
28,Female,No,No,No,No,Yes,No,No,No,No,No,Yes,No,No,No,negative
34,Female,No,No,Yes,No,No,No,No,No,No,No,No,No,No,No,negative
65,Female,No,No,No,Yes,No,No,No,Yes,No,Yes,No,No,Yes,No,negative
34,Female,No,No,No,No,No,No,No,No,No,No,No,No,No,No,negative
64,Male,No,No,No,Yes,Yes,No,Yes,Yes,Yes,Yes,No,Yes,Yes,No,negative
44,Male,Yes,No,Yes,Yes,No,Yes,No,Yes,No,Yes,No,No,Yes,Yes,negative
36,Male,No,No,No,No,No,No,No,No,No,No,No,No,No,No,negative
43,Male,No,No,No,Yes,No,Yes,No,Yes,No,No,No,No,Yes,No,negative
53,Male,No,No,No,Yes,No,No,Yes,Yes,No,Yes,No,Yes,Yes,No,negative
47,Male,No,No,No,No,No,No,No,No,Yes,No,Yes,No,No,Yes,negative
58,Male,No,Yes,No,No,No,No,Yes,Yes,No,No,No,Yes,No,No,negative
56,Male,No,No,Yes,Yes,Yes,No,Yes,Yes,No,Yes,No,Yes,Yes,No,negative
51,Female,No,No,No,No,No,Yes,No,Yes,No,Yes,No,No,Yes,No,negative
59,Female,No,No,No,Yes,No,No,Yes,Yes,No,Yes,No,Yes,Yes,Yes,negative
50,Female,No,No,No,Yes,No,No,Yes,Yes,No,Yes,No,No,Yes,No,negative
30,Male,No,No,No,No,No,No,No,No,No,No,No,No,No,No,negative
46,Male,No,No,No,Yes,No,No,No,Yes,No,Yes,No,No,Yes,No,negative
53,Male,No,No,No,Yes,Yes,No,Yes,Yes,No,Yes,Yes,Yes,Yes,No,negative
42,Male,No,No,No,No,No,No,No,No,No,No,No,No,Yes,No,negative
55,Female,Yes,Yes,Yes,Yes,No,No,Yes,No,No,No,Yes,No,No,Yes,positive
48,Female,Yes,Yes,Yes,Yes,Yes,No,No,No,No,No,Yes,No,No,No,positive
55,Female,Yes,Yes,Yes,No,Yes,No,No,Yes,No,Yes,Yes,No,No,No,positive
39,Female,Yes,Yes,Yes,Yes,Yes,No,No,Yes,Yes,Yes,Yes,No,No,No,positive
43,Female,Yes,Yes,Yes,Yes,Yes,No,Yes,No,No,No,Yes,Yes,No,Yes,positive
35,Female,Yes,Yes,No,Yes,No,No,Yes,No,No,No,No,No,No,No,positive
47,Female,No,No,Yes,Yes,Yes,No,No,No,No,No,No,Yes,No,No,positive
61,Female,Yes,No,No,No,Yes,No,No,No,Yes,No,No,No,Yes,No,positive
58,Female,Yes,No,Yes,No,Yes,No,No,No,Yes,No,No,Yes,No,Yes,positive
69,Female,Yes,Yes,Yes,Yes,No,No,Yes,Yes,Yes,No,No,Yes,No,Yes,positive
40,Male,No,Yes,Yes,Yes,No,No,Yes,Yes,No,No,Yes,Yes,No,No,negative
28,Male,No,No,Yes,No,No,No,No,No,No,No,No,No,No,No,negative
37,Male,No,No,No,No,No,No,No,No,No,No,No,No,No,No,negative
34,Male,No,No,No,No,No,No,No,No,No,No,No,No,No,No,negative
30,Male,No,No,No,No,No,No,No,No,No,No,No,No,No,No,negative
67,Male,Yes,No,No,Yes,Yes,No,Yes,Yes,Yes,Yes,No,Yes,Yes,Yes,negative
60,Male,No,No,No,Yes,No,No,No,No,No,No,Yes,Yes,No,No,negative
58,Male,No,No,No,No,Yes,No,No,Yes,No,Yes,No,No,Yes,Yes,negative
54,Male,No,No,Yes,Yes,No,Yes,No,No,No,Yes,No,No,Yes,No,negative
43,Male,No,No,Yes,No,No,Yes,No,No,No,Yes,No,No,Yes,No,negative
33,Female,No,No,No,No,No,No,No,No,No,No,No,No,No,No,negative
55,Male,Yes,Yes,Yes,Yes,No,Yes,No,No,Yes,No,Yes,No,No,No,positive
48,Male,Yes,Yes,Yes,No,Yes,Yes,No,No,No,Yes,No,No,No,No,positive
56,Male,Yes,No,Yes,Yes,No,Yes,No,Yes,Yes,No,No,No,Yes,No,positive
38,Female,Yes,Yes,Yes,Yes,Yes,No,Yes,Yes,Yes,Yes,Yes,Yes,No,No,positive
28,Female,No,No,No,No,No,No,Yes,No,No,No,Yes,Yes,No,No,positive
68,Female,Yes,Yes,No,Yes,Yes,No,Yes,Yes,No,Yes,Yes,No,No,No,positive
35,Female,No,No,No,No,No,No,No,No,No,No,No,No,No,No,positive
45,Female,No,No,No,No,Yes,No,Yes,Yes,No,No,Yes,No,No,No,positive
48,Female,Yes,Yes,Yes,Yes,Yes,No,Yes,Yes,Yes,Yes,Yes,Yes,No,No,positive
40,Female,Yes,Yes,Yes,Yes,No,No,Yes,No,No,Yes,Yes,Yes,No,No,positive
57,Male,Yes,Yes,Yes,Yes,Yes,No,Yes,No,No,No,Yes,No,No,No,positive
47,Male,No,No,No,No,No,No,No,Yes,No,No,No,No,Yes,No,negative
45,Male,No,No,No,No,Yes,Yes,No,No,No,No,No,No,No,No,negative
57,Male,No,No,No,No,Yes,No,Yes,No,No,No,No,Yes,No,No,negative
72,Male,Yes,No,No,No,Yes,No,Yes,Yes,No,Yes,Yes,Yes,Yes,No,negative
30,Male,No,No,No,No,No,No,No,No,No,No,No,No,No,No,negative
27,Male,No,No,No,No,No,No,No,No,No,No,No,No,No,No,negative
38,Male,No,No,No,No,No,No,No,No,No,No,No,No,No,No,negative
43,Male,No,No,No,Yes,No,Yes,No,Yes,No,Yes,No,No,Yes,No,negative
40,Male,No,No,Yes,No,No,No,No,No,No,No,No,No,No,Yes,negative
47,Male,Yes,Yes,No,No,No,No,No,No,No,No,No,Yes,No,No,positive
62,Male,Yes,Yes,No,No,Yes,No,Yes,No,Yes,Yes,Yes,No,Yes,No,positive
49,Male,Yes,Yes,Yes,No,No,No,No,Yes,No,No,No,No,No,No,positive
53,Male,Yes,No,Yes,No,No,No,No,No,No,Yes,Yes,No,No,No,positive
68,Male,Yes,Yes,No,No,Yes,No,Yes,Yes,Yes,No,Yes,No,No,No,positive
61,Male,Yes,No,No,Yes,Yes,Yes,Yes,Yes,Yes,Yes,Yes,No,No,No,positive
39,Male,Yes,Yes,No,No,No,Yes,No,Yes,No,No,No,Yes,No,Yes,positive
38,Male,Yes,No,No,No,No,Yes,No,Yes,No,No,No,Yes,No,Yes,positive
44,Male,Yes,No,Yes,Yes,No,Yes,No,Yes,No,Yes,No,No,Yes,Yes,negative
36,Male,No,No,No,No,No,No,No,No,No,No,No,No,No,No,negative
43,Male,No,No,No,Yes,No,Yes,No,Yes,No,No,No,No,Yes,No,negative
53,Male,No,No,No,Yes,No,No,Yes,Yes,No,Yes,No,Yes,Yes,No,negative
47,Male,No,No,No,No,No,No,No,No,Yes,No,Yes,No,No,Yes,negative
58,Male,No,Yes,No,No,No,No,Yes,Yes,No,No,No,Yes,No,No,negative
56,Male,No,No,Yes,Yes,Yes,No,Yes,Yes,No,Yes,No,Yes,Yes,No,negative
51,Female,No,No,No,No,No,Yes,No,Yes,No,Yes,No,No,Yes,No,negative
59,Female,No,No,No,Yes,No,No,Yes,Yes,No,Yes,No,Yes,Yes,Yes,negative
50,Female,No,No,No,Yes,No,No,Yes,Yes,No,Yes,No,No,Yes,No,negative
30,Male,No,No,No,No,No,No,No,No,No,No,No,No,No,No,negative
46,Male,No,No,No,Yes,No,No,No,Yes,No,Yes,No,No,Yes,No,negative
53,Male,No,No,No,Yes,Yes,No,Yes,Yes,No,Yes,Yes,Yes,Yes,No,negative
64,Male,No,No,No,Yes,Yes,No,Yes,Yes,Yes,Yes,No,Yes,Yes,No,negative
44,Male,Yes,No,Yes,Yes,No,Yes,No,Yes,No,Yes,No,No,Yes,Yes,negative
36,Male,No,No,No,No,No,No,No,No,No,No,No,No,No,No,negative
43,Male,No,No,No,Yes,No,Yes,No,Yes,No,No,No,No,Yes,No,negative
53,Male,No,No,No,Yes,No,No,Yes,Yes,No,Yes,No,Yes,Yes,No,negative
47,Male,No,No,No,No,No,No,No,No,Yes,No,Yes,No,No,Yes,negative
58,Male,No,Yes,No,No,No,No,Yes,Yes,No,No,No,Yes,No,No,negative
56,Male,No,No,Yes,Yes,Yes,No,Yes,Yes,No,Yes,No,Yes,Yes,No,negative
51,Female,No,No,No,No,No,Yes,No,Yes,No,Yes,No,No,Yes,No,negative
59,Female,No,No,No,Yes,No,No,Yes,Yes,No,Yes,No,Yes,Yes,Yes,negative
50,Female,No,No,No,Yes,No,No,Yes,Yes,No,Yes,No,No,Yes,No,negative
30,Male,No,No,No,No,No,No,No,No,No,No,No,No,No,No,negative
46,Male,No,No,No,Yes,No,No,No,Yes,No,Yes,No,No,Yes,No,negative
53,Male,No,No,No,Yes,Yes,No,Yes,Yes,No,Yes,Yes,Yes,Yes,No,negative
42,Male,No,No,No,No,No,No,No,No,No,No,No,No,Yes,No,negative
55,Female,Yes,Yes,Yes,Yes,No,No,Yes,No,No,No,Yes,No,No,Yes,positive
48,Female,Yes,Yes,Yes,Yes,Yes,No,No,No,No,No,Yes,No,No,No,positive
55,Female,Yes,Yes,Yes,No,Yes,No,No,Yes,No,Yes,Yes,No,No,No,positive
39,Female,Yes,Yes,Yes,Yes,Yes,No,No,Yes,Yes,Yes,Yes,No,No,No,positive
43,Female,Yes,Yes,Yes,Yes,Yes,No,Yes,No,No,No,Yes,Yes,No,Yes,positive
35,Female,Yes,Yes,No,Yes,No,No,Yes,No,No,No,No,No,No,No,positive
47,Female,No,No,Yes,Yes,Yes,No,No,No,No,No,No,Yes,No,No,positive
61,Female,Yes,No,No,No,Yes,No,No,No,Yes,No,No,No,Yes,No,positive
67,Male,No,Yes,No,Yes,Yes,No,Yes,No,Yes,Yes,Yes,Yes,Yes,Yes,positive
66,Male,Yes,Yes,No,Yes,Yes,No,Yes,No,No,No,Yes,Yes,No,No,positive
43,Male,Yes,Yes,Yes,Yes,No,Yes,No,No,No,No,No,No,No,No,positive
62,Male,Yes,Yes,No,Yes,Yes,No,Yes,No,Yes,No,Yes,Yes,No,No,positive
54,Male,Yes,Yes,Yes,Yes,Yes,Yes,Yes,Yes,No,Yes,No,Yes,Yes,No,positive
39,Male,Yes,No,Yes,No,No,Yes,No,Yes,Yes,No,No,No,Yes,No,positive
48,Male,No,Yes,Yes,Yes,No,No,Yes,Yes,Yes,Yes,No,No,No,No,positive
58,Male,Yes,Yes,Yes,Yes,Yes,No,Yes,No,No,Yes,Yes,Yes,No,Yes,positive
32,Male,No,No,No,No,No,Yes,No,No,Yes,Yes,No,No,No,Yes,positive
42,Male,No,No,No,Yes,Yes,No,No,No,Yes,No,No,Yes,No,No,positive
52,Male,Yes,Yes,Yes,Yes,Yes,No,Yes,Yes,No,Yes,Yes,Yes,No,No,positive
38,Male,No,Yes,No,No,No,Yes,No,No,No,No,No,No,Yes,No,positive
53,Male,Yes,Yes,Yes,Yes,Yes,No,Yes,No,Yes,No,Yes,No,Yes,No,positive
57,Male,Yes,Yes,Yes,Yes,Yes,No,Yes,No,No,No,Yes,No,No,No,positive
41,Male,Yes,Yes,Yes,Yes,Yes,Yes,Yes,Yes,Yes,No,No,No,No,Yes,positive
37,Male,No,No,No,Yes,No,No,No,No,No,Yes,No,No,Yes,No,positive
54,Male,Yes,Yes,Yes,Yes,No,No,Yes,Yes,Yes,Yes,Yes,Yes,No,No,positive
49,Male,Yes,Yes,No,Yes,No,No,Yes,Yes,No,No,No,No,No,No,positive
48,Male,Yes,Yes,No,Yes,No,Yes,Yes,Yes,No,No,No,No,No,No,positive
60,Male,Yes,No,No,No,No,No,Yes,No,No,No,Yes,No,Yes,No,positive
63,Male,Yes,Yes,Yes,Yes,Yes,No,Yes,No,No,No,No,Yes,Yes,Yes,positive
35,Male,Yes,No,Yes,No,No,No,No,No,No,No,Yes,No,Yes,No,positive
30,Female,Yes,No,Yes,Yes,Yes,No,No,No,No,Yes,No,No,No,No,positive
53,Female,No,Yes,Yes,No,Yes,Yes,Yes,Yes,Yes,Yes,No,Yes,No,No,positive
50,Female,Yes,Yes,Yes,No,Yes,No,No,No,No,Yes,Yes,No,No,No,positive
50,Female,No,Yes,No,Yes,Yes,No,Yes,Yes,Yes,Yes,Yes,Yes,No,No,positive
35,Female,Yes,Yes,Yes,Yes,Yes,No,No,Yes,No,Yes,Yes,Yes,No,No,positive
40,Female,Yes,Yes,Yes,Yes,No,No,Yes,Yes,No,No,Yes,Yes,No,No,positive
48,Female,No,No,Yes,Yes,No,No,Yes,Yes,No,Yes,Yes,No,No,No,positive
60,Female,Yes,Yes,Yes,Yes,Yes,No,Yes,Yes,No,Yes,Yes,Yes,No,Yes,positive
38,Female,Yes,Yes,Yes,Yes,Yes,No,Yes,Yes,Yes,Yes,Yes,Yes,No,No,positive
28,Female,No,No,No,No,No,No,Yes,No,No,No,Yes,Yes,No,No,positive
68,Female,Yes,Yes,No,Yes,Yes,No,Yes,Yes,No,Yes,Yes,No,No,No,positive
35,Female,No,No,No,No,No,No,No,No,No,No,No,No,No,No,positive
45,Female,No,No,No,No,Yes,No,Yes,Yes,No,No,Yes,No,No,No,positive
48,Female,Yes,Yes,Yes,Yes,Yes,No,Yes,Yes,Yes,Yes,Yes,Yes,No,No,positive
40,Female,Yes,Yes,Yes,Yes,No,No,Yes,No,No,Yes,Yes,Yes,No,No,positive
57,Male,Yes,Yes,Yes,Yes,Yes,No,Yes,No,No,No,Yes,No,No,No,positive
47,Male,No,No,No,No,No,No,No,Yes,No,No,No,No,Yes,No,negative
45,Male,No,No,No,No,Yes,Yes,No,No,No,No,No,No,No,No,negative
57,Male,No,No,No,No,Yes,No,Yes,No,No,No,No,Yes,No,No,negative
72,Male,Yes,No,No,No,Yes,No,Yes,Yes,No,Yes,Yes,Yes,Yes,No,negative
30,Male,No,No,No,No,No,No,No,No,No,No,No,No,No,No,negative
27,Male,No,No,No,No,No,No,No,No,No,No,No,No,No,No,negative
38,Male,No,No,No,No,No,No,No,No,No,No,No,No,No,No,negative
43,Male,No,No,No,Yes,No,Yes,No,Yes,No,Yes,No,No,Yes,No,negative
40,Male,No,No,Yes,No,No,No,No,No,No,No,No,No,No,Yes,negative
47,Male,No,No,No,No,No,No,No,Yes,No,No,No,No,Yes,No,negative
45,Male,No,No,No,No,Yes,Yes,No,No,No,No,No,No,No,No,negative
57,Male,No,No,No,No,Yes,No,Yes,No,No,No,No,Yes,No,No,negative
72,Male,Yes,No,No,No,Yes,No,Yes,Yes,No,Yes,Yes,Yes,Yes,No,negative
30,Male,No,No,No,No,No,No,No,No,No,No,No,No,No,No,negative
27,Male,No,No,No,No,No,No,No,No,No,No,No,No,No,No,negative
38,Male,No,No,No,No,No,No,No,No,No,No,No,No,No,No,negative
43,Male,No,No,No,Yes,No,Yes,No,Yes,No,Yes,No,No,Yes,No,negative
40,Male,No,No,Yes,No,No,No,No,No,No,No,No,No,No,Yes,negative
54,Male,No,No,No,Yes,No,No,No,Yes,No,Yes,No,Yes,Yes,No,negative
30,Male,No,No,No,No,No,No,No,No,No,No,No,No,No,No,negative
46,Male,No,No,No,Yes,No,No,No,Yes,No,Yes,No,No,Yes,No,negative
53,Male,No,No,No,Yes,Yes,No,Yes,Yes,No,Yes,Yes,Yes,Yes,No,negative
42,Male,No,No,No,No,No,No,No,No,No,No,No,No,Yes,No,negative
55,Female,Yes,Yes,Yes,Yes,No,No,Yes,No,No,No,Yes,No,No,Yes,positive
48,Female,Yes,Yes,Yes,Yes,Yes,No,No,No,No,No,Yes,No,No,No,positive
55,Female,Yes,Yes,Yes,No,Yes,No,No,Yes,No,Yes,Yes,No,No,No,positive
39,Female,Yes,Yes,Yes,Yes,Yes,No,No,Yes,Yes,Yes,Yes,No,No,No,positive
43,Female,Yes,Yes,Yes,Yes,Yes,No,Yes,No,No,No,Yes,Yes,No,Yes,positive
50,Female,No,No,No,Yes,No,No,Yes,Yes,No,Yes,No,No,Yes,No,negative
30,Male,No,No,No,No,No,No,No,No,No,No,No,No,No,No,negative
46,Male,No,No,No,Yes,No,No,No,Yes,No,Yes,No,No,Yes,No,negative
53,Male,No,No,No,Yes,Yes,No,Yes,Yes,No,Yes,Yes,Yes,Yes,No,negative
64,Male,No,No,No,Yes,Yes,No,Yes,Yes,Yes,Yes,No,Yes,Yes,No,negative
44,Male,Yes,No,Yes,Yes,No,Yes,No,Yes,No,Yes,No,No,Yes,Yes,negative
36,Male,No,No,No,No,No,No,No,No,No,No,No,No,No,No,negative
43,Male,No,No,No,Yes,No,Yes,No,Yes,No,No,No,No,Yes,No,negative
53,Male,No,No,No,Yes,No,No,Yes,Yes,No,Yes,No,Yes,Yes,No,negative
47,Male,No,No,No,No,No,No,No,No,Yes,No,Yes,No,No,Yes,negative
68,Female,Yes,Yes,No,Yes,Yes,No,Yes,Yes,No,Yes,Yes,No,No,No,positive
64,Male,No,No,No,Yes,Yes,No,Yes,Yes,Yes,Yes,No,Yes,Yes,No,negative
66,Male,Yes,No,Yes,No,No,Yes,No,Yes,Yes,No,No,No,Yes,No,positive
67,Male,No,No,No,No,Yes,No,Yes,No,No,No,No,Yes,No,No,negative
70,Male,Yes,No,No,No,Yes,No,Yes,Yes,No,Yes,Yes,Yes,Yes,No,negative
44,Male,No,No,No,No,No,No,No,No,No,No,No,No,No,No,negative
38,Male,No,No,No,No,No,No,No,No,No,No,No,No,No,No,negative
35,Male,No,No,No,No,No,No,No,No,No,No,No,No,No,No,negative
61,Male,No,No,No,Yes,No,Yes,No,Yes,No,Yes,No,No,Yes,No,negative
60,Male,No,No,Yes,No,No,No,No,No,No,No,No,No,No,Yes,negative
58,Male,No,No,No,Yes,No,No,No,Yes,No,Yes,No,Yes,Yes,No,negative
54,Male,No,No,No,No,No,No,No,No,No,No,No,No,No,No,negative
67,Male,No,No,No,Yes,No,No,No,Yes,No,Yes,No,No,Yes,No,negative
66,Male,No,No,No,Yes,Yes,No,Yes,Yes,No,Yes,Yes,Yes,Yes,No,negative
43,Male,No,No,No,No,No,No,No,No,No,No,No,No,Yes,No,negative
62,Female,Yes,Yes,Yes,Yes,No,No,Yes,No,No,No,Yes,No,No,Yes,positive
54,Female,Yes,Yes,Yes,Yes,Yes,No,No,No,No,No,Yes,No,No,No,positive
39,Female,Yes,Yes,Yes,No,Yes,No,No,Yes,No,Yes,Yes,No,No,No,positive
48,Female,Yes,Yes,Yes,Yes,Yes,No,No,Yes,Yes,Yes,Yes,No,No,No,positive
58,Female,Yes,Yes,Yes,Yes,Yes,No,Yes,No,No,No,Yes,Yes,No,Yes,positive
32,Female,No,No,No,Yes,No,No,Yes,Yes,No,Yes,No,No,Yes,No,negative
42,Male,No,No,No,No,No,No,No,No,No,No,No,No,No,No,negative
